loyalty_card,avg_distance
Aurora,1955.0741526468992
Nova,1947.3820808164185
Star,1930.817111341303
